"from_lat","from_lon","to_lat","to_lon","bytes_count"
"46.2495267","6.0396841","52.3568555","4.9498692","100000"
"51.4994357","-0.156303","38.8976763","-77.0387185","300000"
